property_id,property_name,property_type,property_design,distance_to_coastline,area_squad,area_distance_to_airport,airport_pickup_price_idr,area_airport_name,region_id
PR0017,Double D Guest House,4.0,0.0,1173.9868000000001,2.0,60.0,325000.0,Ngurah Rai (DPS),1.0
PR0070,Kubu Pande Homestay,4.0,2.0,1173.9868000000001,2.0,60.0,325000.0,Ngurah Rai (DPS),1.0
PR0126,Comeback Guesthouse,4.0,0.0,1173.9868000000001,2.0,60.0,325000.0,Ngurah Rai (DPS),1.0
PR0140,Lebak Guesthouse,4.0,0.0,1173.9868000000001,2.0,60.0,325000.0,Ngurah Rai (DPS),1.0
PR0160,Kakol Guesthouse,4.0,0.0,1173.9868000000001,2.0,60.0,325000.0,Ngurah Rai (DPS),1.0
PR0241,ME Villa Batu Mejan,2.0,0.0,761.362,2.0,60.0,325000.0,Ngurah Rai (DPS),1.0
PR0288,Lebak Residence,4.0,0.0,1173.9868000000001,2.0,60.0,325000.0,Ngurah Rai (DPS),1.0
PR0328,Butterfly Bali Guest House,4.0,4.0,1173.9868000000001,2.0,60.0,325000.0,Ngurah Rai (DPS),1.0
PR0404,Kamisama Homestay,4.0,4.0,406.362,2.0,60.0,325000.0,Ngurah Rai (DPS),1.0
PR0424,Kubu Mesari,2.0,4.0,2553.42,2.0,60.0,325000.0,Ngurah Rai (DPS),1.0
PR0426,Dicky Guesthouse,4.0,1.0,1173.9868000000001,2.0,60.0,325000.0,Ngurah Rai (DPS),1.0
PR0429,Dicky Guesthouse 2,4.0,1.0,1173.9868000000001,2.0,60.0,325000.0,Ngurah Rai (DPS),1.0
PR0465,Komala Homestay,4.0,1.0,1173.9868000000001,2.0,60.0,325000.0,Ngurah Rai (DPS),1.0
PR0467,Double A Guest,4.0,1.0,1055.57,2.0,60.0,325000.0,Ngurah Rai (DPS),1.0
PR0006,Villa Lulu,1.0,0.0,1173.9868000000001,2.0,60.0,325000.0,Ngurah Rai (DPS),1.0
PR0029,Bali Shanti,4.0,0.0,1173.9868000000001,2.0,60.0,325000.0,Ngurah Rai (DPS),1.0
PR0034,Pondok Joglo Odit,4.0,0.0,1173.9868000000001,2.0,60.0,325000.0,Ngurah Rai (DPS),1.0
PR0052,Raka & Rai Guesthouse,4.0,0.0,1173.9868000000001,2.0,60.0,325000.0,Ngurah Rai (DPS),1.0
PR0056,Toras Guesthouse,4.0,4.0,1173.9868000000001,2.0,60.0,325000.0,Ngurah Rai (DPS),1.0
PR0074,Villa Rizki,2.0,0.0,1173.9868000000001,2.0,60.0,325000.0,Ngurah Rai (DPS),1.0
PR0080,Vila Lila Loka,4.0,0.0,1173.9868000000001,2.0,60.0,325000.0,Ngurah Rai (DPS),1.0
PR0083,Villa Karang,2.0,0.0,1173.9868000000001,2.0,60.0,325000.0,Ngurah Rai (DPS),1.0
PR0084,VOC,4.0,0.0,1173.9868000000001,2.0,60.0,325000.0,Ngurah Rai (DPS),1.0
PR0086,Wiras Village,4.0,0.0,1173.9868000000001,2.0,60.0,325000.0,Ngurah Rai (DPS),1.0
PR0094,Villa Savasana,2.0,0.0,1173.9868000000001,2.0,60.0,325000.0,Ngurah Rai (DPS),1.0
PR0095,Villa Sunia,2.0,0.0,1173.9868000000001,2.0,60.0,325000.0,Ngurah Rai (DPS),1.0
PR0099,Villa Mundaka,2.0,0.0,1173.9868000000001,2.0,60.0,325000.0,Ngurah Rai (DPS),1.0
PR0107,Villa Loluan,2.0,0.0,1173.9868000000001,2.0,60.0,325000.0,Ngurah Rai (DPS),1.0
PR0109,The Kayuri Canggu,4.0,0.0,1173.9868000000001,2.0,60.0,325000.0,Ngurah Rai (DPS),1.0
PR0110,Agung Homestay,4.0,0.0,1173.9868000000001,2.0,60.0,325000.0,Ngurah Rai (DPS),1.0
PR0114,Bagong Guesthouse,4.0,0.0,1173.9868000000001,2.0,60.0,325000.0,Ngurah Rai (DPS),1.0
PR0123,Villa Bija,2.0,0.0,1173.9868000000001,2.0,60.0,325000.0,Ngurah Rai (DPS),1.0
PR0124,Villa Casa Putih,2.0,0.0,1173.9868000000001,2.0,60.0,325000.0,Ngurah Rai (DPS),1.0
PR0131,Full Moon Guesthouse,4.0,0.0,1173.9868000000001,2.0,60.0,325000.0,Ngurah Rai (DPS),1.0
PR0157,Surfloge Guesthouse,4.0,0.0,1173.9868000000001,2.0,60.0,325000.0,Ngurah Rai (DPS),1.0
PR0161,The Paving,4.0,0.0,1173.9868000000001,2.0,60.0,325000.0,Ngurah Rai (DPS),1.0
PR0186,Jubilee GuestHouse,4.0,0.0,1173.9868000000001,2.0,60.0,325000.0,Ngurah Rai (DPS),1.0
PR0198,Pondok Lulik,4.0,4.0,1173.9868000000001,2.0,60.0,325000.0,Ngurah Rai (DPS),1.0
PR0200,Rama Village,4.0,0.0,1173.9868000000001,2.0,60.0,325000.0,Ngurah Rai (DPS),1.0
PR0209,The Hideaway,4.0,0.0,1173.9868000000001,2.0,60.0,325000.0,Ngurah Rai (DPS),1.0
PR0210,808 Residence,5.0,0.0,1173.9868000000001,2.0,60.0,325000.0,Ngurah Rai (DPS),1.0
PR0212,Villa Amelle,4.0,0.0,1173.9868000000001,2.0,60.0,325000.0,Ngurah Rai (DPS),1.0
PR0213,Tirtha Canggu Suites,4.0,0.0,1173.9868000000001,2.0,60.0,325000.0,Ngurah Rai (DPS),1.0
PR0214,Asri Guest House,4.0,2.0,1173.9868000000001,2.0,60.0,325000.0,Ngurah Rai (DPS),1.0
PR0217,Villa 9 Nelayan,4.0,0.0,1173.9868000000001,2.0,60.0,325000.0,Ngurah Rai (DPS),1.0
PR0227,Villa Driftwood,2.0,0.0,1173.9868000000001,2.0,60.0,325000.0,Ngurah Rai (DPS),1.0
PR0230,Dhuna Homestay,4.0,0.0,1173.9868000000001,2.0,60.0,325000.0,Ngurah Rai (DPS),1.0
PR0231,Emerald Villas,2.0,0.0,1173.9868000000001,2.0,60.0,325000.0,Ngurah Rai (DPS),1.0
PR0232,Gangga Guesthouse,4.0,0.0,1173.9868000000001,2.0,60.0,325000.0,Ngurah Rai (DPS),1.0
PR0236,Kusuma Guest House,4.0,0.0,1173.9868000000001,2.0,60.0,325000.0,Ngurah Rai (DPS),1.0
PR0239,Lemon Guesthouse,4.0,0.0,1173.9868000000001,2.0,60.0,325000.0,Ngurah Rai (DPS),1.0
PR0249,Sanata Yoga Guesthouse,4.0,0.0,1173.9868000000001,2.0,60.0,325000.0,Ngurah Rai (DPS),1.0
PR0255,Redsalt,5.0,0.0,1173.9868000000001,2.0,60.0,325000.0,Ngurah Rai (DPS),1.0
PR0277,Elements Social House,4.0,0.0,1173.9868000000001,2.0,60.0,325000.0,Ngurah Rai (DPS),1.0
PR0285,Villa Tropicana,2.0,0.0,1173.9868000000001,2.0,60.0,325000.0,Ngurah Rai (DPS),1.0
PR0292,My Villa,2.0,0.0,1173.9868000000001,2.0,60.0,325000.0,Ngurah Rai (DPS),1.0
PR0313,Villa Jonson,2.0,2.0,1173.9868000000001,2.0,60.0,325000.0,Ngurah Rai (DPS),1.0
PR0315,Canggu Beach Apartment,4.0,4.0,1173.9868000000001,2.0,60.0,325000.0,Ngurah Rai (DPS),1.0
PR0331,Villa Vosa,2.0,4.0,1173.9868000000001,2.0,60.0,325000.0,Ngurah Rai (DPS),1.0
PR0332,Pondok DD,4.0,4.0,1173.9868000000001,2.0,60.0,325000.0,Ngurah Rai (DPS),1.0
PR0339,Pondok Kita,4.0,1.0,1173.9868000000001,2.0,60.0,325000.0,Ngurah Rai (DPS),1.0
PR0346,Pudi Homestay,4.0,1.0,1173.9868000000001,2.0,60.0,325000.0,Ngurah Rai (DPS),1.0
PR0362,Koi Guesthouse,4.0,1.0,1173.9868000000001,2.0,60.0,325000.0,Ngurah Rai (DPS),1.0
PR0367,The Uma Guesthouse,4.0,4.0,1173.9868000000001,2.0,60.0,325000.0,Ngurah Rai (DPS),1.0
PR0414,Griya Guest House,4.0,1.0,1173.9868000000001,2.0,60.0,325000.0,Ngurah Rai (DPS),1.0
PR0421,Edo Homestay,4.0,1.0,1173.9868000000001,2.0,60.0,325000.0,Ngurah Rai (DPS),1.0
PR0423,Pondok Chesia,4.0,1.0,1173.9868000000001,2.0,60.0,325000.0,Ngurah Rai (DPS),1.0
PR0442,Pondok Bagus Guesthouse,4.0,1.0,1093.22,2.0,60.0,325000.0,Ngurah Rai (DPS),1.0
PR0464,Pondok Juli,4.0,3.0,1173.9868000000001,2.0,60.0,325000.0,Ngurah Rai (DPS),1.0
PR0474,Raka Rai Villa,2.0,4.0,1173.9868000000001,2.0,60.0,325000.0,Ngurah Rai (DPS),1.0
PR0045,Melin Inn,3.0,0.0,1173.9868000000001,2.0,45.0,195000.0,Ngurah Rai (DPS),1.0
PR0143,Rock-a-Villa,2.0,0.0,1173.9868000000001,2.0,45.0,195000.0,Ngurah Rai (DPS),1.0
PR0182,Villa Khaleesi,2.0,0.0,1173.9868000000001,2.0,45.0,195000.0,Ngurah Rai (DPS),1.0
PR0219,Villa AKL,2.0,0.0,1173.9868000000001,2.0,45.0,195000.0,Ngurah Rai (DPS),1.0
PR0237,Villa Tykhe,2.0,0.0,1173.9868000000001,2.0,45.0,195000.0,Ngurah Rai (DPS),1.0
PR0388,Villa Aura,1.0,4.0,1173.9868000000001,2.0,45.0,195000.0,Ngurah Rai (DPS),1.0
PR0450,Villa SK9,2.0,5.0,1173.9868000000001,2.0,45.0,195000.0,Ngurah Rai (DPS),1.0
PR0051,Omah JeTeHa,1.0,0.0,1173.9868000000001,0.0,60.0,362089.0,Adi Sucipto (JOG),2.0
PR0055,Griya Wirosaban,1.0,0.0,1173.9868000000001,3.0,30.0,273129.0,Adi Sucipto (JOG),2.0
PR0065,Pendopo 26,2.0,0.0,1173.9868000000001,3.0,30.0,273129.0,Adi Sucipto (JOG),2.0
PR0281,Hyarta Residence,2.0,4.0,1173.9868000000001,3.0,30.0,273129.0,Adi Sucipto (JOG),2.0
PR0293,Ndalem Panembahan,4.0,0.0,1173.9868000000001,3.0,30.0,273129.0,Adi Sucipto (JOG),2.0
PR0316,Dalem Pinarak,1.0,1.0,1173.9868000000001,3.0,30.0,273129.0,Adi Sucipto (JOG),2.0
PR0326,Bedjo Homestay,4.0,4.0,1173.9868000000001,3.0,30.0,273129.0,Adi Sucipto (JOG),2.0
PR0327,Dasinem Family Homestay,4.0,4.0,1173.9868000000001,3.0,30.0,273129.0,Adi Sucipto (JOG),2.0
PR0353,Omah Kuning,1.0,1.0,1173.9868000000001,3.0,30.0,273129.0,Adi Sucipto (JOG),2.0
PR0361,Antasena Bed & Breakfast,4.0,1.0,1173.9868000000001,3.0,30.0,273129.0,Adi Sucipto (JOG),2.0
PR0005,Omah Cening,1.0,1.0,1173.9868000000001,3.0,30.0,273129.0,Adi Sucipto (JOG),2.0
PR0011,Griya Langen,5.0,1.0,1173.9868000000001,3.0,30.0,273129.0,Adi Sucipto (JOG),2.0
PR0013,Homestay Tembi,5.0,3.0,1173.9868000000001,3.0,30.0,273129.0,Adi Sucipto (JOG),2.0
PR0015,Wisma Eyang Sosro,5.0,5.0,1173.9868000000001,3.0,30.0,273129.0,Adi Sucipto (JOG),2.0
PR0018,Lorong Homestay,4.0,0.0,1173.9868000000001,3.0,30.0,273129.0,Adi Sucipto (JOG),2.0
PR0019,Griya Tiyasan,1.0,0.0,1173.9868000000001,3.0,30.0,273129.0,Adi Sucipto (JOG),2.0
PR0020,Wabisabi,1.0,0.0,1173.9868000000001,3.0,30.0,273129.0,Adi Sucipto (JOG),2.0
PR0023,Joglo Agung,4.0,0.0,1173.9868000000001,3.0,30.0,273129.0,Adi Sucipto (JOG),2.0
PR0028,D'Java Omah Sambilegi,4.0,0.0,1173.9868000000001,3.0,30.0,273129.0,Adi Sucipto (JOG),2.0
PR0032,Griya Bausasran 52,4.0,0.0,1173.9868000000001,3.0,30.0,273129.0,Adi Sucipto (JOG),2.0
PR0038,Summergrass,1.0,0.0,1173.9868000000001,3.0,30.0,273129.0,Adi Sucipto (JOG),2.0
PR0041,Posnya Seni Godod,4.0,0.0,1173.9868000000001,3.0,30.0,273129.0,Adi Sucipto (JOG),2.0
PR0050,Villa Casa Mia,2.0,0.0,1173.9868000000001,3.0,30.0,273129.0,Adi Sucipto (JOG),2.0
PR0058,Tegal Panggung,4.0,0.0,1173.9868000000001,3.0,30.0,273129.0,Adi Sucipto (JOG),2.0
PR0059,Griya Asih,4.0,0.0,1173.9868000000001,3.0,30.0,273129.0,Adi Sucipto (JOG),2.0
PR0060,Griya Siwi,1.0,0.0,1173.9868000000001,3.0,30.0,273129.0,Adi Sucipto (JOG),2.0
PR0061,Rumah Kami,1.0,0.0,1173.9868000000001,3.0,30.0,273129.0,Adi Sucipto (JOG),2.0
PR0064,Jogja Dreams,2.0,0.0,1173.9868000000001,3.0,30.0,273129.0,Adi Sucipto (JOG),2.0
PR0068,Bali Omah,1.0,0.0,1173.9868000000001,3.0,30.0,273129.0,Adi Sucipto (JOG),2.0
PR0069,Roemah Canting,4.0,0.0,1173.9868000000001,3.0,30.0,273129.0,Adi Sucipto (JOG),2.0
PR0071,Watusaman Homestay,4.0,0.0,1173.9868000000001,3.0,30.0,273129.0,Adi Sucipto (JOG),2.0
PR0085,D'Java Timuran,4.0,0.0,1173.9868000000001,3.0,30.0,273129.0,Adi Sucipto (JOG),2.0
PR0128,D'Java Gemilang,1.0,0.0,1173.9868000000001,3.0,30.0,273129.0,Adi Sucipto (JOG),2.0
PR0144,Ndalem Ngabean,4.0,0.0,1173.9868000000001,3.0,30.0,273129.0,Adi Sucipto (JOG),2.0
PR0148,Puri Minggiran,4.0,0.0,1173.9868000000001,3.0,30.0,273129.0,Adi Sucipto (JOG),2.0
PR0149,Riverside Cottages,4.0,0.0,1173.9868000000001,3.0,30.0,273129.0,Adi Sucipto (JOG),2.0
PR0150,Rumah Lavia,2.0,0.0,1173.9868000000001,3.0,30.0,273129.0,Adi Sucipto (JOG),2.0
PR0163,Tirto Raharjo,4.0,0.0,1173.9868000000001,3.0,30.0,273129.0,Adi Sucipto (JOG),2.0
PR0178,D'Java Babarsari,1.0,0.0,1173.9868000000001,3.0,30.0,273129.0,Adi Sucipto (JOG),2.0
PR0199,Puri Langenarjan,4.0,0.0,1173.9868000000001,3.0,30.0,273129.0,Adi Sucipto (JOG),2.0
PR0201,Rumah Eyang,4.0,0.0,1173.9868000000001,3.0,30.0,273129.0,Adi Sucipto (JOG),2.0
PR0208,Tembi Rumah Budaya,4.0,0.0,1173.9868000000001,3.0,30.0,273129.0,Adi Sucipto (JOG),2.0
PR0222,Blue Garden,4.0,0.0,1173.9868000000001,3.0,30.0,273129.0,Adi Sucipto (JOG),2.0
PR0233,Gondang Legi Villas,5.0,0.0,1173.9868000000001,3.0,30.0,273129.0,Adi Sucipto (JOG),2.0
PR0243,Omah Lila,2.0,0.0,1173.9868000000001,3.0,30.0,273129.0,Adi Sucipto (JOG),2.0
PR0248,Rumah Teteh Plemburan,1.0,0.0,1173.9868000000001,3.0,30.0,273129.0,Adi Sucipto (JOG),2.0
PR0256,The Khama Villas,2.0,0.0,1173.9868000000001,3.0,30.0,273129.0,Adi Sucipto (JOG),2.0
PR0273,D'Java Lempuyangan,1.0,0.0,1173.9868000000001,3.0,30.0,273129.0,Adi Sucipto (JOG),2.0
PR0295,Pendopo Andari,4.0,0.0,1173.9868000000001,3.0,30.0,273129.0,Adi Sucipto (JOG),2.0
PR0298,Roemah Boedi,1.0,0.0,1173.9868000000001,3.0,30.0,273129.0,Adi Sucipto (JOG),2.0
PR0299,Rumah Sarengat,4.0,0.0,1173.9868000000001,3.0,30.0,273129.0,Adi Sucipto (JOG),2.0
PR0301,Sawah Joglo,5.0,0.0,1173.9868000000001,3.0,30.0,273129.0,Adi Sucipto (JOG),2.0
PR0305,Tamu Ibu,1.0,0.0,1173.9868000000001,3.0,30.0,273129.0,Adi Sucipto (JOG),2.0
PR0317,Joglo Mandapa,5.0,3.0,1173.9868000000001,3.0,30.0,273129.0,Adi Sucipto (JOG),2.0
PR0325,Griya Cemara,4.0,3.0,1173.9868000000001,3.0,30.0,273129.0,Adi Sucipto (JOG),2.0
PR0329,Happy Ayu Homestay,1.0,1.0,1173.9868000000001,3.0,30.0,273129.0,Adi Sucipto (JOG),2.0
PR0341,Joglo Rejodani,2.0,3.0,1173.9868000000001,3.0,30.0,273129.0,Adi Sucipto (JOG),2.0
PR0342,GriyaKoe,4.0,4.0,1173.9868000000001,3.0,30.0,273129.0,Adi Sucipto (JOG),2.0
PR0343,Ndalem Tilem,1.0,1.0,1173.9868000000001,3.0,30.0,273129.0,Adi Sucipto (JOG),2.0
PR0348,House of Madame Lily,1.0,1.0,1173.9868000000001,3.0,30.0,273129.0,Adi Sucipto (JOG),2.0
PR0356,Sunrise Homestay,1.0,1.0,1173.9868000000001,3.0,30.0,273129.0,Adi Sucipto (JOG),2.0
PR0368,Rumah Teteh Kledokan,1.0,4.0,1173.9868000000001,3.0,30.0,273129.0,Adi Sucipto (JOG),2.0
PR0369,Nayottama Homestay,4.0,1.0,1173.9868000000001,3.0,30.0,273129.0,Adi Sucipto (JOG),2.0
PR0372,Omah Candi,1.0,1.0,1173.9868000000001,3.0,30.0,273129.0,Adi Sucipto (JOG),2.0
PR0377,Chez Laelik Guesthouse,4.0,3.0,1173.9868000000001,3.0,30.0,273129.0,Adi Sucipto (JOG),2.0
PR0379,Omah Glagah,4.0,4.0,1173.9868000000001,3.0,30.0,273129.0,Adi Sucipto (JOG),2.0
PR0381,Wabisabi Hut,4.0,4.0,1173.9868000000001,3.0,30.0,273129.0,Adi Sucipto (JOG),2.0
PR0384,Omah Ucok,2.0,3.0,1173.9868000000001,3.0,30.0,273129.0,Adi Sucipto (JOG),2.0
PR0394,InnEP Homestay,4.0,4.0,1173.9868000000001,3.0,30.0,273129.0,Adi Sucipto (JOG),2.0
PR0395,Uttara by Stay Habitat,3.0,4.0,1173.9868000000001,3.0,30.0,273129.0,Adi Sucipto (JOG),2.0
PR0406,Rumpang QQ''s Green,4.0,4.0,1173.9868000000001,3.0,30.0,273129.0,Adi Sucipto (JOG),2.0
PR0425,Pavilion Guest House,4.0,1.0,1173.9868000000001,3.0,30.0,273129.0,Adi Sucipto (JOG),2.0
PR0640,Pondok Ijo ,4.0,1.0,1173.9868000000001,3.0,30.0,273129.0,Adi Sucipto (JOG),2.0
PR0120,Bingin Ombak,4.0,0.0,15.6035,1.0,45.0,325000.0,Ngurah Rai (DPS),1.0
PR0170,Bingin Surf Left,4.0,0.0,140.6591,1.0,45.0,325000.0,Ngurah Rai (DPS),1.0
PR0234,Jepun Sari,4.0,0.0,140.6591,1.0,45.0,325000.0,Ngurah Rai (DPS),1.0
PR0282,Kembang Kuning,4.0,0.0,48.2584,1.0,45.0,325000.0,Ngurah Rai (DPS),1.0
PR0433,Mudjimba Green Bungalows,2.0,1.0,140.6591,1.0,45.0,325000.0,Ngurah Rai (DPS),1.0
PR0008,Sinar Sari Bingin,4.0,0.0,140.6591,1.0,45.0,325000.0,Ngurah Rai (DPS),1.0
PR0009,Shankara Guesthouse,4.0,0.0,140.6591,1.0,45.0,325000.0,Ngurah Rai (DPS),1.0
PR0024,Villa Shiva,2.0,0.0,140.6591,1.0,45.0,325000.0,Ngurah Rai (DPS),1.0
PR0057,Teges Asri,4.0,1.0,476.861,1.0,45.0,325000.0,Ngurah Rai (DPS),1.0
PR0082,Villa Purnama,2.0,0.0,140.6591,1.0,45.0,325000.0,Ngurah Rai (DPS),1.0
PR0088,Villa Tortoise,2.0,0.0,21.9135,1.0,45.0,325000.0,Ngurah Rai (DPS),1.0
PR0090,Villa Shanti,2.0,0.0,140.6591,1.0,45.0,325000.0,Ngurah Rai (DPS),1.0
PR0100,Wira Homestay,4.0,0.0,140.6591,1.0,45.0,325000.0,Ngurah Rai (DPS),1.0
PR0105,Villa Kura Kura,2.0,0.0,140.6591,1.0,45.0,325000.0,Ngurah Rai (DPS),1.0
PR0106,Villa Zen & Papaya,2.0,0.0,140.6591,1.0,45.0,325000.0,Ngurah Rai (DPS),1.0
PR0125,Villa Bulan & Cahaya,2.0,0.0,140.6591,1.0,45.0,325000.0,Ngurah Rai (DPS),1.0
PR0130,Dreamview Villa,2.0,0.0,140.6591,1.0,45.0,325000.0,Ngurah Rai (DPS),1.0
PR0173,Villa Bening,2.0,0.0,140.6591,1.0,45.0,325000.0,Ngurah Rai (DPS),1.0
PR0179,Villa Hari Indah,2.0,0.0,140.6591,1.0,45.0,325000.0,Ngurah Rai (DPS),1.0
PR0193,Moyo & Son Surf Stay,4.0,0.0,140.6591,1.0,45.0,325000.0,Ngurah Rai (DPS),1.0
PR0220,The Jepun Bingin,4.0,0.0,140.6591,1.0,45.0,325000.0,Ngurah Rai (DPS),1.0
PR0221,Villa Ayunan,2.0,0.0,140.6591,1.0,45.0,325000.0,Ngurah Rai (DPS),1.0
PR0250,Secret Garden,2.0,0.0,140.6591,1.0,45.0,325000.0,Ngurah Rai (DPS),1.0
PR0266,Villa Asmara,2.0,0.0,140.6591,1.0,45.0,325000.0,Ngurah Rai (DPS),1.0
PR0270,Villa Bingin Luna,2.0,0.0,140.6591,1.0,45.0,325000.0,Ngurah Rai (DPS),1.0
PR0272,Villa Cerita Indah,2.0,0.0,140.6591,1.0,45.0,325000.0,Ngurah Rai (DPS),1.0
PR0275,Villa Indigo,2.0,0.0,140.6591,1.0,45.0,325000.0,Ngurah Rai (DPS),1.0
PR0304,Taman Asih,4.0,0.0,140.6591,1.0,45.0,325000.0,Ngurah Rai (DPS),1.0
PR0135,Kampung Jimba,5.0,0.0,546.9525,2.0,60.0,325000.0,Ngurah Rai (DPS),1.0
PR0197,Padang Padang View,4.0,0.0,546.9525,2.0,60.0,325000.0,Ngurah Rai (DPS),1.0
PR0229,D''Padang,4.0,0.0,546.9525,2.0,60.0,325000.0,Ngurah Rai (DPS),1.0
PR0363,Despacito Loft & Lounge,4.0,3.0,616.825,2.0,60.0,325000.0,Ngurah Rai (DPS),1.0
PR0002,PinkCoco Bali,5.0,0.0,546.9525,2.0,60.0,325000.0,Ngurah Rai (DPS),1.0
PR0007,Seno Guesthouse,4.0,0.0,546.9525,2.0,60.0,325000.0,Ngurah Rai (DPS),1.0
PR0073,Adi Bali Homestay,4.0,0.0,546.9525,2.0,60.0,325000.0,Ngurah Rai (DPS),1.0
PR0104,Villa Kama,2.0,4.0,477.08,2.0,60.0,325000.0,Ngurah Rai (DPS),1.0
PR0175,Villa Bukit Surf,2.0,0.0,546.9525,2.0,60.0,325000.0,Ngurah Rai (DPS),1.0
PR0185,Gravity Villa,2.0,0.0,546.9525,2.0,60.0,325000.0,Ngurah Rai (DPS),1.0
PR0189,Kutuh Manak,4.0,0.0,546.9525,2.0,60.0,325000.0,Ngurah Rai (DPS),1.0
PR0172,Bobby''s Place,4.0,0.0,824.8619999999999,2.0,60.0,325000.0,Ngurah Rai (DPS),1.0
PR0188,Kubu Nyang Nyang,4.0,3.0,307.225,2.0,60.0,325000.0,Ngurah Rai (DPS),1.0
PR0314,Breeze Hidden Village,4.0,1.0,1133.15,2.0,60.0,325000.0,Ngurah Rai (DPS),1.0
PR0455,La Bomie,4.0,4.0,824.8619999999999,2.0,60.0,325000.0,Ngurah Rai (DPS),1.0
PR0494,Dream Breeze Village,4.0,1.0,1098.55,2.0,60.0,325000.0,Ngurah Rai (DPS),1.0
PR0021,Sannyas Yoga House,4.0,2.0,824.8619999999999,2.0,60.0,325000.0,Ngurah Rai (DPS),1.0
PR0081,Yoga Searcher,5.0,0.0,824.8619999999999,2.0,60.0,325000.0,Ngurah Rai (DPS),1.0
PR0115,Uluwatu Village House,4.0,1.0,1183.19,2.0,60.0,325000.0,Ngurah Rai (DPS),1.0
PR0165,Uluwatu Jungle Bugalow,4.0,0.0,824.8619999999999,2.0,60.0,325000.0,Ngurah Rai (DPS),1.0
PR0168,Batu Jaran Hill ,4.0,0.0,824.8619999999999,2.0,60.0,325000.0,Ngurah Rai (DPS),1.0
PR0215,Uluwatu Cottages,5.0,0.0,824.8619999999999,2.0,60.0,325000.0,Ngurah Rai (DPS),1.0
PR0245,Puri Kelapa,4.0,0.0,824.8619999999999,2.0,60.0,325000.0,Ngurah Rai (DPS),1.0
PR0245,Puri Kelapa,4.0,0.0,824.8619999999999,2.0,60.0,325000.0,Ngurah Rai (DPS),1.0
PR0254,The Gong,4.0,0.0,402.195,2.0,60.0,325000.0,Ngurah Rai (DPS),1.0
PR0258,Three Monkeys,5.0,0.0,824.8619999999999,2.0,60.0,325000.0,Ngurah Rai (DPS),1.0
PR0259,Armaya Homestay,4.0,0.0,824.8619999999999,2.0,60.0,325000.0,Ngurah Rai (DPS),1.0
PR0396,The Ulu's Klumpu,4.0,1.0,824.8619999999999,2.0,60.0,325000.0,Ngurah Rai (DPS),1.0
PR0181,Dinar Hills Villa,4.0,0.0,2393.1099999999997,1.0,45.0,325000.0,Ngurah Rai (DPS),1.0
PR0276,De Kutuh Villa,2.0,0.0,2393.1099999999997,1.0,45.0,325000.0,Ngurah Rai (DPS),1.0
PR0412,Maharaja Residence Homestay,2.0,4.0,2653.12,1.0,45.0,325000.0,Ngurah Rai (DPS),1.0
PR0001,Villa Melasti Ungasan,2.0,0.0,2393.1099999999997,1.0,45.0,325000.0,Ngurah Rai (DPS),1.0
PR0012,Sesapi Putih,1.0,0.0,2393.1099999999997,1.0,45.0,325000.0,Ngurah Rai (DPS),1.0
PR0042,Villa Luna,2.0,0.0,2393.1099999999997,1.0,45.0,325000.0,Ngurah Rai (DPS),1.0
PR0066,Villa The Cantri,2.0,0.0,2393.1099999999997,1.0,45.0,325000.0,Ngurah Rai (DPS),1.0
PR0076,Villa Hali,2.0,0.0,2393.1099999999997,1.0,45.0,325000.0,Ngurah Rai (DPS),1.0
PR0091,Villa Matahari,2.0,0.0,2393.1099999999997,1.0,45.0,325000.0,Ngurah Rai (DPS),1.0
PR0093,Villa Istana Willy,2.0,4.0,2398.34,1.0,45.0,325000.0,Ngurah Rai (DPS),1.0
PR0102,Villa Nazeki,2.0,0.0,2393.1099999999997,1.0,45.0,325000.0,Ngurah Rai (DPS),1.0
PR0122,Brad's Villa,2.0,0.0,2393.1099999999997,1.0,45.0,325000.0,Ngurah Rai (DPS),1.0
PR0145,Ocho Bali Villa,4.0,0.0,2393.1099999999997,1.0,45.0,325000.0,Ngurah Rai (DPS),1.0
PR0169,Villa Anak,2.0,0.0,2393.1099999999997,1.0,45.0,325000.0,Ngurah Rai (DPS),1.0
PR0223,Villa Be Home,2.0,0.0,2393.1099999999997,1.0,45.0,325000.0,Ngurah Rai (DPS),1.0
PR0240,Maha Ungasan,5.0,0.0,2393.1099999999997,1.0,45.0,325000.0,Ngurah Rai (DPS),1.0
PR0264,Villa Akilea,2.0,0.0,2393.1099999999997,1.0,45.0,325000.0,Ngurah Rai (DPS),1.0
PR0287,Vivo Villas,2.0,0.0,2393.1099999999997,1.0,45.0,325000.0,Ngurah Rai (DPS),1.0
PR0297,Puri Pandawa,4.0,0.0,2393.1099999999997,1.0,45.0,325000.0,Ngurah Rai (DPS),1.0
PR0357,Puri Bendesa Villa,2.0,4.0,2393.1099999999997,1.0,45.0,325000.0,Ngurah Rai (DPS),1.0
PR0360,Maha Giri Villa,2.0,4.0,2393.1099999999997,1.0,45.0,325000.0,Ngurah Rai (DPS),1.0
PR0374,Mansion 27,1.0,4.0,2393.1099999999997,1.0,45.0,325000.0,Ngurah Rai (DPS),1.0
PR0417,NH Residence,2.0,4.0,2755.41,1.0,45.0,325000.0,Ngurah Rai (DPS),1.0
PR0432,Villa Kyl 2BR,2.0,4.0,1033.16,1.0,45.0,325000.0,Ngurah Rai (DPS),1.0
PR0435,Villa Rumah Pertama,2.0,4.0,3125.52,1.0,45.0,325000.0,Ngurah Rai (DPS),1.0
PR0196,NDBV Lot 6,2.0,0.0,79.6941,1.0,45.0,325000.0,Ngurah Rai (DPS),1.0
PR0242,NDBV Lot 3,2.0,0.0,107.471,1.0,45.0,325000.0,Ngurah Rai (DPS),1.0
PR0437,Villa Olala,2.0,5.0,93.58255,1.0,45.0,325000.0,Ngurah Rai (DPS),1.0
PR0025,The Miracle Villas,2.0,0.0,93.58255,1.0,45.0,325000.0,Ngurah Rai (DPS),1.0
PR0261,Balangan Cottages,4.0,0.0,1173.9868000000001,1.0,45.0,325000.0,Ngurah Rai (DPS),1.0
PR0286,La Joya 1,5.0,0.0,1173.9868000000001,1.0,45.0,325000.0,Ngurah Rai (DPS),1.0
PR0031,Le Yanandra,5.0,0.0,1173.9868000000001,1.0,45.0,325000.0,Ngurah Rai (DPS),1.0
PR0089,Villa Megalan,2.0,0.0,1173.9868000000001,1.0,45.0,325000.0,Ngurah Rai (DPS),1.0
PR0096,Villa Toya,2.0,0.0,1173.9868000000001,1.0,45.0,325000.0,Ngurah Rai (DPS),1.0
PR0101,Villa Idaman,2.0,0.0,1173.9868000000001,1.0,45.0,325000.0,Ngurah Rai (DPS),1.0
PR0116,Bali Mynah,4.0,0.0,1173.9868000000001,1.0,45.0,325000.0,Ngurah Rai (DPS),1.0
PR0138,La Cabane,5.0,0.0,1173.9868000000001,1.0,45.0,325000.0,Ngurah Rai (DPS),1.0
PR0141,Made Roja Homestay,4.0,0.0,1173.9868000000001,1.0,45.0,325000.0,Ngurah Rai (DPS),1.0
PR0159,The Alchemist,5.0,0.0,1173.9868000000001,1.0,45.0,325000.0,Ngurah Rai (DPS),1.0
PR0171,Villa Bagus,2.0,0.0,1173.9868000000001,1.0,45.0,325000.0,Ngurah Rai (DPS),1.0
PR0187,Villa Singa,2.0,0.0,1173.9868000000001,1.0,45.0,325000.0,Ngurah Rai (DPS),1.0
PR0191,Like at Home,4.0,0.0,1173.9868000000001,1.0,45.0,325000.0,Ngurah Rai (DPS),1.0
PR0216,Balangan Sleep Well,2.0,0.0,1173.9868000000001,1.0,45.0,325000.0,Ngurah Rai (DPS),1.0
PR0238,La Joya Biubiu,5.0,0.0,1173.9868000000001,1.0,45.0,325000.0,Ngurah Rai (DPS),1.0
PR0267,Biubiu Kumala S01,2.0,0.0,1173.9868000000001,1.0,45.0,325000.0,Ngurah Rai (DPS),1.0
PR0284,Kukuh House,4.0,0.0,11926.3,2.0,120.0,585000.0,Ngurah Rai (DPS),1.0
PR0035,Bale Tudor,2.0,0.0,11926.3,2.0,120.0,585000.0,Ngurah Rai (DPS),1.0
PR0046,The Suci Sari,2.0,0.0,11926.3,2.0,120.0,585000.0,Ngurah Rai (DPS),1.0
PR0047,Vinnayaka Guesthouse,4.0,0.0,11926.3,2.0,120.0,585000.0,Ngurah Rai (DPS),1.0
PR0049,Toya Villa Ubud,4.0,0.0,11926.3,2.0,120.0,585000.0,Ngurah Rai (DPS),1.0
PR0097,Villa Merdu,2.0,0.0,11926.3,2.0,120.0,585000.0,Ngurah Rai (DPS),1.0
PR0132,Villa Mandalay,2.0,0.0,11926.3,2.0,120.0,585000.0,Ngurah Rai (DPS),1.0
PR0137,Kubu Tropis,4.0,0.0,11926.3,2.0,120.0,585000.0,Ngurah Rai (DPS),1.0
PR0146,Peacock Ubud Inn,4.0,0.0,11926.3,2.0,120.0,585000.0,Ngurah Rai (DPS),1.0
PR0166,Bali Bohemia,5.0,0.0,11926.3,2.0,120.0,585000.0,Ngurah Rai (DPS),1.0
PR0203,Santosha Ubud,4.0,0.0,11926.3,2.0,120.0,585000.0,Ngurah Rai (DPS),1.0
PR0205,Sleeping Buddha,2.0,0.0,11926.3,2.0,120.0,585000.0,Ngurah Rai (DPS),1.0
PR0207,Taman Bintang,4.0,0.0,11926.3,2.0,120.0,585000.0,Ngurah Rai (DPS),1.0
PR0211,The Pakis Hostel,4.0,0.0,11926.3,2.0,120.0,585000.0,Ngurah Rai (DPS),1.0
PR0253,Taman Amertha,4.0,0.0,11926.3,2.0,120.0,585000.0,Ngurah Rai (DPS),1.0
PR0260,Ubud Indah,2.0,0.0,11926.3,2.0,120.0,585000.0,Ngurah Rai (DPS),1.0
PR0269,Buana Homestay,4.0,0.0,11926.3,2.0,120.0,585000.0,Ngurah Rai (DPS),1.0
PR0373,Villa Olel,2.0,4.0,11926.3,2.0,120.0,585000.0,Ngurah Rai (DPS),1.0
PR0397,Raja Surga Ubud,2.0,4.0,11926.3,2.0,120.0,585000.0,Ngurah Rai (DPS),1.0
PR0401,Rice Field Loft,4.0,4.0,11926.3,2.0,120.0,585000.0,Ngurah Rai (DPS),1.0
PR0409,Sunrise House,1.0,3.0,11926.3,2.0,120.0,585000.0,Ngurah Rai (DPS),1.0
PR0411,Joglo Organik,4.0,4.0,11926.3,2.0,120.0,585000.0,Ngurah Rai (DPS),1.0
PR0420,Ananda House,1.0,3.0,11926.3,2.0,120.0,585000.0,Ngurah Rai (DPS),1.0
PR0422,Bagas & Bayu Guesthouse,4.0,2.0,11926.3,2.0,120.0,585000.0,Ngurah Rai (DPS),1.0
PR0453,Pondok Nini Ubud,2.0,3.0,11926.3,2.0,120.0,585000.0,Ngurah Rai (DPS),1.0
PR0460,Villa Damuh,2.0,5.0,11926.3,2.0,120.0,585000.0,Ngurah Rai (DPS),1.0
PR0683,UMA TULU VILLA ,2.0,3.0,11926.3,2.0,120.0,585000.0,Ngurah Rai (DPS),1.0
PR0308,Lotus Bungalow,4.0,3.0,171.19228000000004,4.0,60.0,362089.0,Ngurah Rai (DPS),3.0
PR0336,Ocean Terrace,5.0,3.0,171.19228000000004,4.0,60.0,362089.0,Ngurah Rai (DPS),3.0
PR0345,Ba Bar Cottages,4.0,1.0,171.19228000000004,4.0,60.0,362089.0,Ngurah Rai (DPS),3.0
PR0352,Mega Land Guesthouse,4.0,4.0,171.19228000000004,4.0,60.0,362089.0,Ngurah Rai (DPS),3.0
PR0366,Kinton Guesthouse,4.0,1.0,121.038,4.0,60.0,362089.0,Ngurah Rai (DPS),3.0
PR0371,Goa Giri Hill Bungalow,4.0,1.0,65.8603,4.0,60.0,362089.0,Ngurah Rai (DPS),3.0
PR0380,Manta Cottage,4.0,4.0,171.19228000000004,4.0,60.0,362089.0,Ngurah Rai (DPS),3.0
PR0383,Boga Segara,4.0,3.0,45.9017,4.0,60.0,362089.0,Ngurah Rai (DPS),3.0
PR0385,Bamboo Bungalows,4.0,1.0,171.19228000000004,4.0,60.0,362089.0,Ngurah Rai (DPS),3.0
PR0386,Pari Manta Cottages,4.0,1.0,171.19228000000004,4.0,60.0,362089.0,Ngurah Rai (DPS),3.0
PR0419,Poling Sea View,4.0,1.0,171.19228000000004,4.0,60.0,362089.0,Ngurah Rai (DPS),3.0
PR0427,Merta Beach Bungalow,4.0,3.0,26.7774,4.0,60.0,362089.0,Ngurah Rai (DPS),3.0
PR0446,Pi Karya Beach,4.0,1.0,171.19228000000004,4.0,60.0,362089.0,Ngurah Rai (DPS),3.0
PR0447,Buyuk Pillas Bungalow,4.0,2.0,171.19228000000004,4.0,60.0,362089.0,Ngurah Rai (DPS),3.0
PR0036,WK Gamat Garden VIlla,4.0,0.0,171.19228000000004,4.0,60.0,362089.0,Ngurah Rai (DPS),3.0
PR0037,Ayu Laba,4.0,0.0,171.19228000000004,4.0,60.0,362089.0,Ngurah Rai (DPS),3.0
PR0039,Batan Sabo,4.0,0.0,171.19228000000004,4.0,60.0,362089.0,Ngurah Rai (DPS),3.0
PR0309,Catar Cottage,4.0,3.0,171.19228000000004,4.0,60.0,362089.0,Ngurah Rai (DPS),3.0
PR0310,Favorit Bungalows,4.0,1.0,171.19228000000004,4.0,60.0,362089.0,Ngurah Rai (DPS),3.0
PR0311,The Box House,4.0,1.0,171.19228000000004,4.0,60.0,362089.0,Ngurah Rai (DPS),3.0
PR0312,Sari Garden Cottage,4.0,3.0,171.19228000000004,4.0,60.0,362089.0,Ngurah Rai (DPS),3.0
PR0318,The Angkal,4.0,4.0,171.19228000000004,4.0,60.0,362089.0,Ngurah Rai (DPS),3.0
PR0349,You & We Guesthouse,4.0,3.0,171.19228000000004,4.0,60.0,362089.0,Ngurah Rai (DPS),3.0
PR0351,Tunjung Kuning,4.0,4.0,171.19228000000004,4.0,60.0,362089.0,Ngurah Rai (DPS),3.0
PR0359,Kawi Asih,4.0,1.0,171.19228000000004,4.0,60.0,362089.0,Ngurah Rai (DPS),3.0
PR0364,Tegar Penida Paradise,4.0,3.0,171.19228000000004,4.0,60.0,362089.0,Ngurah Rai (DPS),3.0
PR0365,Welcome Inn,4.0,1.0,171.19228000000004,4.0,60.0,362089.0,Ngurah Rai (DPS),3.0
PR0391,Bakung Cozy Cottage,4.0,4.0,171.19228000000004,4.0,60.0,362089.0,Ngurah Rai (DPS),3.0
PR0392,Myart in Bungalow,4.0,4.0,171.19228000000004,4.0,60.0,362089.0,Ngurah Rai (DPS),3.0
PR0398,Warisan Homestay Nusa Penida,4.0,1.0,596.384,4.0,60.0,362089.0,Ngurah Rai (DPS),3.0
PR0400,Song Cang Bungalow,4.0,3.0,171.19228000000004,4.0,60.0,362089.0,Ngurah Rai (DPS),3.0
PR0402,Sambu Bungalow,4.0,1.0,171.19228000000004,4.0,60.0,362089.0,Ngurah Rai (DPS),3.0
PR0403,The Box Paradise,4.0,3.0,171.19228000000004,4.0,60.0,362089.0,Ngurah Rai (DPS),3.0
PR0410,Papa Sun Villa,4.0,3.0,171.19228000000004,4.0,60.0,362089.0,Ngurah Rai (DPS),3.0
PR0418,Green Valley Bungalow,4.0,1.0,171.19228000000004,4.0,60.0,362089.0,Ngurah Rai (DPS),3.0
PR0516,Nusa Majesty,4.0,1.0,171.19228000000004,4.0,60.0,362089.0,Ngurah Rai (DPS),3.0
PR0340,Griya Anggrek,4.0,1.0,1173.9868000000001,0.0,60.0,362089.0,Adi Sucipto (JOG),2.0
PR0370,D''House of Gembala,1.0,4.0,1173.9868000000001,0.0,60.0,362089.0,Adi Sucipto (JOG),2.0
PR0390,Poedja Villa Jimbaran,2.0,3.0,2056.7866666666664,1.0,30.0,260000.0,Ngurah Rai (DPS),1.0
PR0026,Coffee Network,2.0,0.0,2056.7866666666664,1.0,30.0,260000.0,Ngurah Rai (DPS),1.0
PR0072,Villa Rama,2.0,0.0,2056.7866666666664,1.0,30.0,260000.0,Ngurah Rai (DPS),1.0
PR0092,Villa Kanha,2.0,0.0,2033.49,1.0,30.0,260000.0,Ngurah Rai (DPS),1.0
PR0098,Villa Malindo,2.0,0.0,2056.7866666666664,1.0,30.0,260000.0,Ngurah Rai (DPS),1.0
PR0111,The White House,2.0,0.0,2056.7866666666664,1.0,30.0,260000.0,Ngurah Rai (DPS),1.0
PR0112,Villa Arindra,4.0,0.0,1935.58,1.0,30.0,260000.0,Ngurah Rai (DPS),1.0
PR0177,Villa Entre Amis,2.0,0.0,2056.7866666666664,1.0,30.0,260000.0,Ngurah Rai (DPS),1.0
PR0247,Royal Majestic Villa,2.0,0.0,2056.7866666666664,1.0,30.0,260000.0,Ngurah Rai (DPS),1.0
PR0354,Villa Bahagia,2.0,4.0,2201.29,1.0,30.0,260000.0,Ngurah Rai (DPS),1.0
PR0389,Puri Sabina Villa,2.0,4.0,2056.7866666666664,1.0,30.0,260000.0,Ngurah Rai (DPS),1.0
PR0434,Villa Chanteak,5.0,0.0,2056.7866666666664,1.0,30.0,260000.0,Ngurah Rai (DPS),1.0
PR0438,Villa Bodas,2.0,4.0,2056.7866666666664,1.0,30.0,260000.0,Ngurah Rai (DPS),1.0
PR0252,Sunset Condotel Kuta,4.0,0.0,1173.9868000000001,2.0,30.0,250000.0,Ngurah Rai (DPS),1.0
PR0257,Villa Ambalama,2.0,0.0,1173.9868000000001,2.0,60.0,300000.0,Ngurah Rai (DPS),1.0
PR0355,Roemah Noni,4.0,4.0,1173.9868000000001,0.0,60.0,362089.0,Adi Sucipto (JOG),2.0
PR0387,Rumah Budi Susanto,4.0,4.0,1173.9868000000001,0.0,60.0,362089.0,Adi Sucipto (JOG),2.0
